variable,source,model_role
case_number,accident.csv,identifier
fold,derived,partition
any_injury,person.csv/accident.csv,alternative_target
serious_or_fatal_injury,person.csv/accident.csv,alternative_target
fatal_crash,person.csv/accident.csv,alternative_target
number_injured,person.csv/accident.csv,alternative_target
multiple_people_injured,person.csv/accident.csv,alternative_target
maximum_injury_severity,person.csv/accident.csv,alternative_target
injured_pedestrian,person.csv/accident.csv,alternative_target
injured_cyclist,person.csv/accident.csv,alternative_target
serious_vulnerable_road_user_injury,person.csv/accident.csv,alternative_target
occupant_injury,person.csv/accident.csv,alternative_target
passenger_injury,person.csv/accident.csv,alternative_target
multi_vehicle_crash,accident.csv,alternative_target
weight,accident.csv,survey_design
psu,accident.csv,survey_design
psu_var,accident.csv,survey_design
psu_stratum,accident.csv,survey_design
region,accident.csv,candidate_predictor
urbanicity,accident.csv,candidate_predictor
crash_month,accident.csv,candidate_predictor
day_of_week,accident.csv,candidate_predictor
crash_hour,accident.csv,candidate_predictor
crash_minute,accident.csv,candidate_predictor
first_harmful_event,accident.csv,candidate_predictor
manner_of_collision,accident.csv,candidate_predictor
within_interchange_area,accident.csv,candidate_predictor
junction_location,accident.csv,candidate_predictor
intersection_type,accident.csv,candidate_predictor
relation_to_road,accident.csv,candidate_predictor
work_zone,accident.csv,candidate_predictor
light_condition,accident.csv,candidate_predictor
primary_weather,accident.csv,candidate_predictor
school_bus_related,accident.csv,candidate_predictor
interstate_highway,accident.csv,candidate_predictor
crash_alcohol_involvement,accident.csv,candidate_predictor
vehicle_count,accident.csv,candidate_predictor
occupant_count,person.csv,candidate_predictor
passenger_count,person.csv,candidate_predictor
child_occupant_count,person.csv,candidate_predictor
older_occupant_count,person.csv,candidate_predictor
youngest_occupant_age,person.csv,candidate_predictor
oldest_occupant_age,person.csv,candidate_predictor
mean_occupant_age,person.csv,candidate_predictor
male_occupant_count,person.csv,candidate_predictor
female_occupant_count,person.csv,candidate_predictor
unrestrained_occupant_count,person.csv,candidate_predictor
any_unrestrained_occupant,person.csv,candidate_predictor
any_front_seat_passenger,person.csv,candidate_predictor
any_rear_seat_occupant,person.csv,candidate_predictor
commercial_vehicle_involved,vehicle.csv,candidate_predictor
hazardous_material_involved,vehicle.csv,candidate_predictor
oldest_vehicle_model_year,vehicle.csv,candidate_predictor
newest_vehicle_model_year,vehicle.csv,candidate_predictor
mean_vehicle_model_year,vehicle.csv,candidate_predictor
maximum_speed_limit,vehicle.csv,candidate_predictor
maximum_reported_travel_speed,vehicle.csv,candidate_predictor
crash_factor__aggressive_driving_by_non_contact_vehicle_driver,crashrf.csv,candidate_predictor
crash_factor__backup_due_to_prior_crash,crashrf.csv,candidate_predictor
crash_factor__distracted_driver_of_a_non_contact_vehicle,crashrf.csv,candidate_predictor
crash_factor__emergency_vehicle_related,crashrf.csv,candidate_predictor
crash_factor__indication_of_a_stalled_disabled_vehicle,crashrf.csv,candidate_predictor
crash_factor__motor_vehicle_struck_by_falling_cargo_or_something_that_came_loose_from_or_something_that_was_set_in_motion_by_a_vehicle,crashrf.csv,candidate_predictor
crash_factor__non_occupant_struck_by_falling_cargo_or_something_that_came_loose_from_or_something_that_was_set_in_motion_by_a_vehicle,crashrf.csv,candidate_predictor
crash_factor__non_occupant_struck_vehicle,crashrf.csv,candidate_predictor
crash_factor__none_noted,crashrf.csv,candidate_predictor
crash_factor__obstructed_crosswalks,crashrf.csv,candidate_predictor
crash_factor__other_maintenance_or_construction_created_condition,crashrf.csv,candidate_predictor
crash_factor__police_pursuit_involved,crashrf.csv,candidate_predictor
crash_factor__prior_non_recurring_incident,crashrf.csv,candidate_predictor
crash_factor__recent_previous_crash_scene_nearby,crashrf.csv,candidate_predictor
crash_factor__regular_congestion,crashrf.csv,candidate_predictor
crash_factor__related_to_a_bus_stop,crashrf.csv,candidate_predictor
crash_factor__road_rage_by_non_contact_vehicle_driver,crashrf.csv,candidate_predictor
crash_factor__stopped_vehicle_set_in_motion_by_non_driver,crashrf.csv,candidate_predictor
crash_factor__surface_under_water,crashrf.csv,candidate_predictor
crash_factor__surface_washed_out_caved_in_road_slippage,crashrf.csv,candidate_predictor
crash_factor__toll_booth_plaza_related,crashrf.csv,candidate_predictor
crash_factor__unstabilized_situation_began_and_all_harmful_events_occurred_off_of_the_roadway,crashrf.csv,candidate_predictor
crash_factor__within_designated_school_zone,crashrf.csv,candidate_predictor
weather__blowing_sand_soil_dirt,weather.csv,candidate_predictor
weather__blowing_snow,weather.csv,candidate_predictor
weather__clear,weather.csv,candidate_predictor
weather__cloudy,weather.csv,candidate_predictor
weather__fog_smog_smoke,weather.csv,candidate_predictor
weather__freezing_rain_or_drizzle,weather.csv,candidate_predictor
weather__not_reported,weather.csv,candidate_predictor
weather__other,weather.csv,candidate_predictor
weather__rain,weather.csv,candidate_predictor
weather__reported_as_unknown,weather.csv,candidate_predictor
weather__severe_crosswinds,weather.csv,candidate_predictor
weather__sleet_or_hail,weather.csv,candidate_predictor
weather__snow,weather.csv,candidate_predictor
vehicle_special_factor__adaptive_equipment,vehiclesf.csv,candidate_predictor
vehicle_special_factor__default_code_used_for_vehicle_numbering,vehiclesf.csv,candidate_predictor
vehicle_special_factor__highway_construction_maintenance_or_utility_vehicle_in_transport_inside_or_outside_workzone,vehiclesf.csv,candidate_predictor
vehicle_special_factor__none_noted,vehiclesf.csv,candidate_predictor
vehicle_special_factor__other_working_vehicle_not_construction_maintenance_utility_police_fire_or_ems_vehicle,vehiclesf.csv,candidate_predictor
vehicle_special_factor__police_fire_or_ems_vehicle_working_at_the_scene_of_an_emergency_or_performing_other_traffic_control_activities,vehiclesf.csv,candidate_predictor
vehicle_special_factor__reconstructed_altered_vehicle,vehiclesf.csv,candidate_predictor
vehicle_special_factor__slide_in_camper,vehiclesf.csv,candidate_predictor
driver_factor__aggressive_driving,driverrf.csv,candidate_predictor
driver_factor__alcohol_and_or_drug_test_refused,driverrf.csv,candidate_predictor
driver_factor__careless_driving_inattentive_operation_improper_driving_driving_without_due_care,driverrf.csv,candidate_predictor
driver_factor__driver_required_to_use_ignition_interlock_device,driverrf.csv,candidate_predictor
driver_factor__driving_on_wrong_side_of_two_way_trafficway_intentional_or_unintentional,driverrf.csv,candidate_predictor
driver_factor__driving_with_tire_related_problems,driverrf.csv,candidate_predictor
driver_factor__driving_wrong_way_on_one_way_trafficway,driverrf.csv,candidate_predictor
driver_factor__emergency_medical_service_personnel,driverrf.csv,candidate_predictor
driver_factor__failing_to_dim_lights_or_to_have_lights_on_when_required,driverrf.csv,candidate_predictor
driver_factor__fire_personnel,driverrf.csv,candidate_predictor
driver_factor__getting_off_out_of_a_vehicle,driverrf.csv,candidate_predictor
driver_factor__improper_management_of_vehicle_controls_specify,driverrf.csv,candidate_predictor
driver_factor__intentional_illegal_driving_off_the_roadway,driverrf.csv,candidate_predictor
driver_factor__leaving_vehicle_unattended_with_engine_running_leaving_vehicle_unattended_in_roadway,driverrf.csv,candidate_predictor
driver_factor__looked_but_did_not_see,driverrf.csv,candidate_predictor
driver_factor__none_noted,driverrf.csv,candidate_predictor
driver_factor__object_interference_with_vehicle_controls_specify,driverrf.csv,candidate_predictor
driver_factor__opening_closure_into_moving_traffic_or_while_vehicle_is_in_motion,driverrf.csv,candidate_predictor
driver_factor__operating_the_vehicle_in_an_erratic_reckless_or_negligent_manner,driverrf.csv,candidate_predictor
driver_factor__operating_without_required_equipment,driverrf.csv,candidate_predictor
driver_factor__overcorrecting,driverrf.csv,candidate_predictor
driver_factor__overloading_or_improper_loading_of_vehicle_with_passengers_or_cargo,driverrf.csv,candidate_predictor
driver_factor__police_officer_in_pursuit,driverrf.csv,candidate_predictor
driver_factor__police_or_law_enforcement_officer,driverrf.csv,candidate_predictor
driver_factor__police_pursuing_this_driver,driverrf.csv,candidate_predictor
driver_factor__road_rage,driverrf.csv,candidate_predictor
driver_factor__stopped_in_roadway_vehicle_not_abandoned,driverrf.csv,candidate_predictor
driver_factor__tow_operator,driverrf.csv,candidate_predictor
driver_factor__transportation_i_e_maintenance_workers_safety_service_patrol_operators_etc,driverrf.csv,candidate_predictor
driver_factor__traveling_on_prohibited_trafficways,driverrf.csv,candidate_predictor
driver_factor__using_a_belt_positioning_device_or_other,driverrf.csv,candidate_predictor
driver_distraction__adjusting_audio_or_climate_controls,distract.csv,candidate_predictor
driver_distraction__by_a_moving_object_in_vehicle,distract.csv,candidate_predictor
driver_distraction__by_other_occupant_s,distract.csv,candidate_predictor
driver_distraction__distracted_by_outside_person_object_or_event,distract.csv,candidate_predictor
driver_distraction__distraction_distracted_details_unknown,distract.csv,candidate_predictor
driver_distraction__distraction_inattention,distract.csv,candidate_predictor
driver_distraction__eating_or_drinking,distract.csv,candidate_predictor
driver_distraction__inattention_inattentive_details_unknown,distract.csv,candidate_predictor
driver_distraction__lost_in_thought_day_dreaming,distract.csv,candidate_predictor
driver_distraction__no_driver_present_unknown_if_driver_present,distract.csv,candidate_predictor
driver_distraction__not_distracted,distract.csv,candidate_predictor
driver_distraction__not_reported,distract.csv,candidate_predictor
driver_distraction__other_distraction_specify,distract.csv,candidate_predictor
driver_distraction__other_mobile_phone_related,distract.csv,candidate_predictor
driver_distraction__reported_as_unknown_if_distracted,distract.csv,candidate_predictor
driver_distraction__smoking_related,distract.csv,candidate_predictor
driver_distraction__while_manipulating_mobile_phone,distract.csv,candidate_predictor
driver_distraction__while_talking_or_listening_to_mobile_phone,distract.csv,candidate_predictor
driver_distraction__while_using_or_reaching_for_device_object_brought_into_vehicle,distract.csv,candidate_predictor
driver_distraction__while_using_other_component_controls_integral_to_vehicle,distract.csv,candidate_predictor
driver_impairment__asleep_or_fatigued,drimpair.csv,candidate_predictor
driver_impairment__blind_low_vision,drimpair.csv,candidate_predictor
driver_impairment__deaf_hard_of_hearing,drimpair.csv,candidate_predictor
driver_impairment__emotional_depressed_angry_disturbed_etc,drimpair.csv,candidate_predictor
driver_impairment__ill_blackout,drimpair.csv,candidate_predictor
driver_impairment__no_driver_present_unknown_if_driver_present,drimpair.csv,candidate_predictor
driver_impairment__none_apparently_normal,drimpair.csv,candidate_predictor
driver_impairment__not_reported,drimpair.csv,candidate_predictor
driver_impairment__other_physical_impairment,drimpair.csv,candidate_predictor
driver_impairment__paraplegic_or_in_a_wheelchair,drimpair.csv,candidate_predictor
driver_impairment__physical_impairment_no_details,drimpair.csv,candidate_predictor
driver_impairment__reported_as_unknown_if_impaired,drimpair.csv,candidate_predictor
driver_impairment__under_the_influence_of_alcohol_drugs_or_medication,drimpair.csv,candidate_predictor
driver_impairment__walking_with_a_cane_or_crutches_etc,drimpair.csv,candidate_predictor
vehicle_contributing_factor__body_doors,factor.csv,candidate_predictor
vehicle_contributing_factor__brake_system,factor.csv,candidate_predictor
vehicle_contributing_factor__exhaust_system,factor.csv,candidate_predictor
vehicle_contributing_factor__head_lights,factor.csv,candidate_predictor
vehicle_contributing_factor__mirrors,factor.csv,candidate_predictor
vehicle_contributing_factor__none_noted,factor.csv,candidate_predictor
vehicle_contributing_factor__other,factor.csv,candidate_predictor
vehicle_contributing_factor__other_lights,factor.csv,candidate_predictor
vehicle_contributing_factor__power_train,factor.csv,candidate_predictor
vehicle_contributing_factor__reported_as_unknown,factor.csv,candidate_predictor
vehicle_contributing_factor__safety_systems,factor.csv,candidate_predictor
vehicle_contributing_factor__signal_lights,factor.csv,candidate_predictor
vehicle_contributing_factor__steering,factor.csv,candidate_predictor
vehicle_contributing_factor__suspension,factor.csv,candidate_predictor
vehicle_contributing_factor__tires,factor.csv,candidate_predictor
vehicle_contributing_factor__truck_coupling_trailer_hitch_safety_chains,factor.csv,candidate_predictor
vehicle_contributing_factor__vehicle_contributing_factors_no_details,factor.csv,candidate_predictor
vehicle_contributing_factor__wheels,factor.csv,candidate_predictor
vehicle_contributing_factor__windows_windshield,factor.csv,candidate_predictor
vehicle_contributing_factor__wipers,factor.csv,candidate_predictor
avoidance_manoeuvre__contact_motor_vehicle_in_this_crash,maneuver.csv,candidate_predictor
avoidance_manoeuvre__driver_did_not_maneuver_to_avoid,maneuver.csv,candidate_predictor
avoidance_manoeuvre__live_animal,maneuver.csv,candidate_predictor
avoidance_manoeuvre__no_driver_present_unknown_if_driver_present,maneuver.csv,candidate_predictor
avoidance_manoeuvre__not_reported,maneuver.csv,candidate_predictor
avoidance_manoeuvre__object,maneuver.csv,candidate_predictor
avoidance_manoeuvre__pedestrian_pedalcyclist_or_other_non_motorist,maneuver.csv,candidate_predictor
avoidance_manoeuvre__phantom_non_contact_motor_vehicle,maneuver.csv,candidate_predictor
avoidance_manoeuvre__poor_road_conditions_puddle_ice_pothole_etc,maneuver.csv,candidate_predictor
avoidance_manoeuvre__reported_as_unknown,maneuver.csv,candidate_predictor
driver_violation__alcohol_drug_or_impairment_violations_generally,violatn.csv,candidate_predictor
driver_violation__brake_violations,violatn.csv,candidate_predictor
driver_violation__certain_traffic_to_use_right_lane_trucks_slow_moving_etc,violatn.csv,candidate_predictor
driver_violation__circumvention_of_ignition_interlock_device,violatn.csv,candidate_predictor
driver_violation__commercial_driver_violations_log_book_hours_permits_carried,violatn.csv,candidate_predictor
driver_violation__drinking_while_operating,violatn.csv,candidate_predictor
driver_violation__driving_on_left_wrong_side_of_road_generally,violatn.csv,candidate_predictor
driver_violation__driving_too_slowly,violatn.csv,candidate_predictor
driver_violation__driving_uninsured_vehicle,violatn.csv,candidate_predictor
driver_violation__driving_where_prohibited_sidewalk_limited_access_off_truck_route,violatn.csv,candidate_predictor
driver_violation__driving_while_impaired,violatn.csv,candidate_predictor
driver_violation__driving_while_intoxicated_alcohol_or_drugs_or_bac_above_limit_any_detectable_bac_for_cdls,violatn.csv,candidate_predictor
driver_violation__driving_while_license_withdrawn,violatn.csv,candidate_predictor
driver_violation__driving_with_detectable_alcohol,violatn.csv,candidate_predictor
driver_violation__driving_wrong_way_on_one_way_road,violatn.csv,candidate_predictor
driver_violation__enter_intersection_when_space_insufficient,violatn.csv,candidate_predictor
driver_violation__equipment_violations_generally,violatn.csv,candidate_predictor
driver_violation__exceeding_special_speed_limit_e_g_for_trucks_buses_cycles_or_on_bridge_in_school_zone_etc,violatn.csv,candidate_predictor
driver_violation__fail_to_carry_insurance_card,violatn.csv,candidate_predictor
driver_violation__fail_to_give_aid_info_wait_for_police_after_crash,violatn.csv,candidate_predictor
driver_violation__fail_to_give_way_when_overtaken,violatn.csv,candidate_predictor
driver_violation__fail_to_obey_flashing_signal_yellow_or_red,violatn.csv,candidate_predictor
driver_violation__fail_to_obey_police_fireman_authorized_person_directing_traffic,violatn.csv,candidate_predictor
driver_violation__fail_to_obey_signal_generally,violatn.csv,candidate_predictor
driver_violation__fail_to_obey_stop_sign,violatn.csv,candidate_predictor
driver_violation__fail_to_obey_traffic_control_device,violatn.csv,candidate_predictor
driver_violation__fail_to_obey_yield_sign,violatn.csv,candidate_predictor
driver_violation__fail_to_signal_for_turn_or_stop,violatn.csv,candidate_predictor
driver_violation__fail_to_stop_for_flashing_red,violatn.csv,candidate_predictor
driver_violation__fail_to_stop_for_red_signal,violatn.csv,candidate_predictor
driver_violation__fail_to_yield_generally,violatn.csv,candidate_predictor
driver_violation__fail_to_yield_to_emergency_vehicle,violatn.csv,candidate_predictor
driver_violation__failure_to_require_restraint_use_by_self_or_passengers,violatn.csv,candidate_predictor
driver_violation__fleeing_or_eluding_police,violatn.csv,candidate_predictor
driver_violation__following_too_closely,violatn.csv,candidate_predictor
driver_violation__hit_and_run_fail_to_stop_after_crash,violatn.csv,candidate_predictor
driver_violation__illegal_possession_of_alcohol_or_drugs,violatn.csv,candidate_predictor
driver_violation__improper_method_position_of_turn_too_wide_wrong_lane,violatn.csv,candidate_predictor
driver_violation__improper_unsafe_passing,violatn.csv,candidate_predictor
driver_violation__improper_use_of_lane_enter_of_3_lane_road_hov_designated_lane,violatn.csv,candidate_predictor
driver_violation__inattentive_careless_improper_driving_driving_without_due_care,violatn.csv,candidate_predictor
driver_violation__lamp_violations,violatn.csv,candidate_predictor
driver_violation__lane_violations_generally,violatn.csv,candidate_predictor
driver_violation__manslaughter_or_homicide,violatn.csv,candidate_predictor
driver_violation__motorcycle_equipment_violations_helmet_special_equipment,violatn.csv,candidate_predictor
driver_violation__motorcycle_lane_violations_more_than_two_per_lane_riding_between_lanes_etc,violatn.csv,candidate_predictor
driver_violation__no_driver_present_unknown_if_driver_present,violatn.csv,candidate_predictor
driver_violation__non_moving_violations_generally,violatn.csv,candidate_predictor
driver_violation__none,violatn.csv,candidate_predictor
driver_violation__not_reported,violatn.csv,candidate_predictor
driver_violation__other_driver_license_violations,violatn.csv,candidate_predictor
driver_violation__other_moving_violation_coasting_backing_opening_door,violatn.csv,candidate_predictor
driver_violation__parking,violatn.csv,candidate_predictor
driver_violation__pass_on_right_drive_off_pavement_to_pass,violatn.csv,candidate_predictor
driver_violation__pass_stopped_school_bus,violatn.csv,candidate_predictor
driver_violation__racing,violatn.csv,candidate_predictor
driver_violation__refusal_to_submit_to_chemical_test,violatn.csv,candidate_predictor
driver_violation__serious_violation_resulting_in_death,violatn.csv,candidate_predictor
driver_violation__size_weight_load_violations,violatn.csv,candidate_predictor
driver_violation__speed_greater_than_reasonable_prudent_not_necessarily_over_the_limit,violatn.csv,candidate_predictor
driver_violation__speed_related_violations_generally,violatn.csv,candidate_predictor
driver_violation__speeding_above_the_speed_limit,violatn.csv,candidate_predictor
driver_violation__theft_unauthorized_use_of_motor_vehicle,violatn.csv,candidate_predictor
driver_violation__turn_in_violation_of_traffic_control_disobey_signs_turn_arrow_or_pavement_markings_not_a_right_on_red_violation,violatn.csv,candidate_predictor
driver_violation__turn_yield_signaling_violations_generally,violatn.csv,candidate_predictor
driver_violation__unknown_violation_s,violatn.csv,candidate_predictor
driver_violation__unsafe_or_prohibited_lane_change,violatn.csv,candidate_predictor
driver_violation__unsafe_reckless_not_willful_wanton_reckless_driving,violatn.csv,candidate_predictor
driver_violation__use_of_telecommunications_device,violatn.csv,candidate_predictor
driver_violation__vehicle_registration_violations,violatn.csv,candidate_predictor
driver_violation__violate_rr_grade_crossing_device_regulations,violatn.csv,candidate_predictor
driver_violation__violation_of_turn_on_red_fail_to_stop_yield_yield_to_pedestrians_before_turning,violatn.csv,candidate_predictor
driver_violation__willful_reckless_driving_driving_to_endanger_negligent_driving,violatn.csv,candidate_predictor
driver_violation__wrong_side_passing_following_violations_generally,violatn.csv,candidate_predictor
vision_obstruction__broken_or_improperly_cleaned_windshield,vision.csv,candidate_predictor
vision_obstruction__building_billboard_other_structure,vision.csv,candidate_predictor
vision_obstruction__curve_hill_or_other_roadway_design_feature,vision.csv,candidate_predictor
vision_obstruction__external_mirrors,vision.csv,candidate_predictor
vision_obstruction__in_transport_motor_vehicle_including_load,vision.csv,candidate_predictor
vision_obstruction__inadequate_defrost_or_defog_system,vision.csv,candidate_predictor
vision_obstruction__no_driver_present_unknown_if_driver_present,vision.csv,candidate_predictor
vision_obstruction__no_obstruction_noted,vision.csv,candidate_predictor
vision_obstruction__not_in_transport_motor_vehicle_parked_working,vision.csv,candidate_predictor
vision_obstruction__obstructing_angles_on_vehicle,vision.csv,candidate_predictor
vision_obstruction__obstruction_interior_to_the_vehicle,vision.csv,candidate_predictor
vision_obstruction__other_visual_obstruction,vision.csv,candidate_predictor
vision_obstruction__rain_snow_fog_smoke_sand_dust,vision.csv,candidate_predictor
vision_obstruction__reflected_glare_bright_sunlight_headlights,vision.csv,candidate_predictor
vision_obstruction__reported_as_unknown,vision.csv,candidate_predictor
vision_obstruction__splash_or_spray_of_passing_vehicle,vision.csv,candidate_predictor
vision_obstruction__trees_crops_vegetation,vision.csv,candidate_predictor
vision_obstruction__vision_obscured_no_details,vision.csv,candidate_predictor
vehicle_body_type__2_door_sedan_hardtop_coupe,vehicle.csv,candidate_predictor
vehicle_body_type__3_door_2_door_hatchback,vehicle.csv,candidate_predictor
vehicle_body_type__3_door_coupe,vehicle.csv,candidate_predictor
vehicle_body_type__4_door_sedan_hardtop,vehicle.csv,candidate_predictor
vehicle_body_type__5_door_4_door_hatchback,vehicle.csv,candidate_predictor
vehicle_body_type__atv_atc_all_terrain_cycle,vehicle.csv,candidate_predictor
vehicle_body_type__auto_based_pickup_includes_e1_camino_caballero_ranchero_ssr_g8_st_subaru_brat_rabbit_pickup,vehicle.csv,candidate_predictor
vehicle_body_type__cab_chassis_based_includes_rescue_vehicle_light_stake_dump_and_tow_truck,vehicle.csv,candidate_predictor
vehicle_body_type__camper_or_motor_home_unknown_gvwr,vehicle.csv,candidate_predictor
vehicle_body_type__compact_utility_utility_vehicle_categories_small_and_midsize,vehicle.csv,candidate_predictor
vehicle_body_type__construction_equipment_other_than_trucks_includes_graders,vehicle.csv,candidate_predictor
vehicle_body_type__convertible_excludes_sun_roof_t_bar,vehicle.csv,candidate_predictor
vehicle_body_type__cross_country_intercity_bus,vehicle.csv,candidate_predictor
vehicle_body_type__farm_equipment_other_than_trucks,vehicle.csv,candidate_predictor
vehicle_body_type__golf_cart,vehicle.csv,candidate_predictor
vehicle_body_type__hatchback_number_of_doors_unknown,vehicle.csv,candidate_predictor
vehicle_body_type__large_limousine_more_than_four_side_doors_or_stretched_chassis,vehicle.csv,candidate_predictor
vehicle_body_type__large_utility_ansi_d16_1_utility_vehicle_categories_and_full_size_and_large,vehicle.csv,candidate_predictor
vehicle_body_type__large_van_includes_van_based_buses_b150_b350_sportsman_royal_maxiwagon_ram_tradesman,vehicle.csv,candidate_predictor
vehicle_body_type__light_pickup,vehicle.csv,candidate_predictor
vehicle_body_type__light_vehicle_based_motor_home_chassis_mounted,vehicle.csv,candidate_predictor
vehicle_body_type__low_speed_vehicle_lsv_neighborhood_electric_vehicle_nev,vehicle.csv,candidate_predictor
vehicle_body_type__medium_heavy_pickup_gvwr_greater_than_10_000_lbs,vehicle.csv,candidate_predictor
vehicle_body_type__medium_heavy_vehicle_based_motor_home,vehicle.csv,candidate_predictor
vehicle_body_type__minivan_chrysler_town_and_country_caravan_grand_caravan_voyager_voyager_honda_odyssey,vehicle.csv,candidate_predictor
vehicle_body_type__moped,vehicle.csv,candidate_predictor
vehicle_body_type__motor_scooter,vehicle.csv,candidate_predictor
vehicle_body_type__multipurpose_off_highway_utility_vehicles_mohuv_or_recreational_off_highway_vehicle_rov,vehicle.csv,candidate_predictor
vehicle_body_type__not_reported,vehicle.csv,candidate_predictor
vehicle_body_type__off_road_motorcycle,vehicle.csv,candidate_predictor
vehicle_body_type__other_bus_type,vehicle.csv,candidate_predictor
vehicle_body_type__other_motored_cycle_type_mini_bikes_pocket_motorcycles_pocket_bikes,vehicle.csv,candidate_predictor
vehicle_body_type__other_or_unknown_automobile_type,vehicle.csv,candidate_predictor
vehicle_body_type__other_van_type_hi_cube_van_kary,vehicle.csv,candidate_predictor
vehicle_body_type__other_vehicle_type_includes_go_cart_fork_lift_city_street_sweeper_dunes_swamp_buggy,vehicle.csv,candidate_predictor
vehicle_body_type__school_bus,vehicle.csv,candidate_predictor
vehicle_body_type__sedan_hardtop_number_of_doors_unknown,vehicle.csv,candidate_predictor
vehicle_body_type__single_unit_straight_truck_or_cab_chassis_gvwr_greater_than_26_000_lbs,vehicle.csv,candidate_predictor
vehicle_body_type__single_unit_straight_truck_or_cab_chassis_gvwr_range_10_001_to_19_500_lbs,vehicle.csv,candidate_predictor
vehicle_body_type__single_unit_straight_truck_or_cab_chassis_gvwr_range_19_501_to_26_000_lbs,vehicle.csv,candidate_predictor
vehicle_body_type__single_unit_straight_truck_or_cab_chassis_gvwr_unknown,vehicle.csv,candidate_predictor
vehicle_body_type__station_wagon_excluding_van_and_truck_based,vehicle.csv,candidate_predictor
vehicle_body_type__step_van_gvwr_greater_than_10_000_lbs,vehicle.csv,candidate_predictor
vehicle_body_type__step_van_or_walk_in_van_gvwr_less_than_or_equal_to_10_000_lbs,vehicle.csv,candidate_predictor
vehicle_body_type__three_wheel_motorcycle_2_rear_wheels,vehicle.csv,candidate_predictor
vehicle_body_type__transit_bus_city_bus,vehicle.csv,candidate_predictor
vehicle_body_type__truck_tractor_cab_only_or_with_any_number_of_trailing_unit_any_weight,vehicle.csv,candidate_predictor
vehicle_body_type__two_wheel_motorcycle_excluding_motor_scooters,vehicle.csv,candidate_predictor
vehicle_body_type__unenclosed_three_wheel_motorcycle_unenclosed_autocycle_1_rear_wheel,vehicle.csv,candidate_predictor
vehicle_body_type__unknown_body_type,vehicle.csv,candidate_predictor
vehicle_body_type__unknown_bus_type,vehicle.csv,candidate_predictor
vehicle_body_type__unknown_light_truck_type,vehicle.csv,candidate_predictor
vehicle_body_type__unknown_light_vehicle_type_automobile_utility_vehicle_van_or_light_truck,vehicle.csv,candidate_predictor
vehicle_body_type__unknown_medium_heavy_truck_type,vehicle.csv,candidate_predictor
vehicle_body_type__unknown_motored_cycle_type,vehicle.csv,candidate_predictor
vehicle_body_type__unknown_pickup_style_light_conventional_truck_type,vehicle.csv,candidate_predictor
vehicle_body_type__unknown_three_wheel_motorcycle_type,vehicle.csv,candidate_predictor
vehicle_body_type__unknown_truck_type_light_medium_heavy,vehicle.csv,candidate_predictor
vehicle_body_type__unknown_van_type,vehicle.csv,candidate_predictor
vehicle_body_type__utility_station_wagon_includes_suburban_limousines_suburban_travellall_grand_wagoneer,vehicle.csv,candidate_predictor
vehicle_body_type__utility_vehicle_unknown_body_type,vehicle.csv,candidate_predictor
vehicle_body_type__van_based_bus_gvwr_greater_than_10_000_lbs,vehicle.csv,candidate_predictor
vehicle_configuration__bus_large_van_seats_for_9_15_occupants_including_driver,vehicle.csv,candidate_predictor
vehicle_configuration__bus_seats_for_more_than_15_occupants_including_driver,vehicle.csv,candidate_predictor
vehicle_configuration__not_applicable,vehicle.csv,candidate_predictor
vehicle_configuration__qualifying_vehicle_unknown_configuration,vehicle.csv,candidate_predictor
vehicle_configuration__single_unit_truck_2_axle_and_gvwr_more_than_10_000_lbs,vehicle.csv,candidate_predictor
vehicle_configuration__single_unit_truck_3_or_more_axles,vehicle.csv,candidate_predictor
vehicle_configuration__truck_pulling_trailer_s,vehicle.csv,candidate_predictor
vehicle_configuration__truck_tractor_bobtail,vehicle.csv,candidate_predictor
vehicle_configuration__truck_tractor_double,vehicle.csv,candidate_predictor
vehicle_configuration__truck_tractor_semi_trailer,vehicle.csv,candidate_predictor
vehicle_configuration__truck_tractor_triple,vehicle.csv,candidate_predictor
vehicle_configuration__unknown,vehicle.csv,candidate_predictor
vehicle_configuration__vehicle_10_000_pounds_or_less_placarded_for_hazardous_materials,vehicle.csv,candidate_predictor
vehicle_configuration__vehicle_more_than_10_000_lbs_other,vehicle.csv,candidate_predictor
any_vehicle_speed_relation__no,vehicle.csv,candidate_predictor
any_vehicle_speed_relation__no_driver_present_unknown_if_driver_present,vehicle.csv,candidate_predictor
any_vehicle_speed_relation__reported_as_unknown,vehicle.csv,candidate_predictor
any_vehicle_speed_relation__yes_exceeded_speed_limit,vehicle.csv,candidate_predictor
any_vehicle_speed_relation__yes_racing,vehicle.csv,candidate_predictor
any_vehicle_speed_relation__yes_specifics_unknown,vehicle.csv,candidate_predictor
any_vehicle_speed_relation__yes_too_fast_for_conditions,vehicle.csv,candidate_predictor
any_driver_alcohol__alcohol_involved,accident.csv,candidate_predictor
any_driver_alcohol__no_alcohol_involved,accident.csv,candidate_predictor
any_vehicle_trafficway__entrance_exit_ramp,vehicle.csv,candidate_predictor
any_vehicle_trafficway__non_trafficway_or_driveway_access,vehicle.csv,candidate_predictor
any_vehicle_trafficway__not_reported,vehicle.csv,candidate_predictor
any_vehicle_trafficway__one_way_trafficway,vehicle.csv,candidate_predictor
any_vehicle_trafficway__reported_as_unknown,vehicle.csv,candidate_predictor
any_vehicle_trafficway__two_way_divided_positive_median_barrier,vehicle.csv,candidate_predictor
any_vehicle_trafficway__two_way_divided_unknown_if_unprotected_median_or_positive_median_barrier,vehicle.csv,candidate_predictor
any_vehicle_trafficway__two_way_divided_unprotected_median,vehicle.csv,candidate_predictor
any_vehicle_trafficway__two_way_not_divided,vehicle.csv,candidate_predictor
any_vehicle_trafficway__two_way_not_divided_with_a_continuous_left_turn_lane,vehicle.csv,candidate_predictor
any_vehicle_road_alignment__curve_left,vehicle.csv,candidate_predictor
any_vehicle_road_alignment__curve_right,vehicle.csv,candidate_predictor
any_vehicle_road_alignment__curve_unknown_direction,vehicle.csv,candidate_predictor
any_vehicle_road_alignment__non_trafficway_or_driveway_access,vehicle.csv,candidate_predictor
any_vehicle_road_alignment__not_reported,vehicle.csv,candidate_predictor
any_vehicle_road_alignment__reported_as_unknown,vehicle.csv,candidate_predictor
any_vehicle_road_alignment__straight,vehicle.csv,candidate_predictor
any_vehicle_road_grade__downhill,vehicle.csv,candidate_predictor
any_vehicle_road_grade__grade_unknown_slope,vehicle.csv,candidate_predictor
any_vehicle_road_grade__hillcrest,vehicle.csv,candidate_predictor
any_vehicle_road_grade__level,vehicle.csv,candidate_predictor
any_vehicle_road_grade__non_trafficway_or_driveway_access,vehicle.csv,candidate_predictor
any_vehicle_road_grade__not_reported,vehicle.csv,candidate_predictor
any_vehicle_road_grade__reported_as_unknown,vehicle.csv,candidate_predictor
any_vehicle_road_grade__sag_bottom,vehicle.csv,candidate_predictor
any_vehicle_road_grade__uphill,vehicle.csv,candidate_predictor
any_vehicle_surface_condition__dry,vehicle.csv,candidate_predictor
any_vehicle_surface_condition__ice_frost,vehicle.csv,candidate_predictor
any_vehicle_surface_condition__mud_dirt_or_gravel,vehicle.csv,candidate_predictor
any_vehicle_surface_condition__non_trafficway_or_driveway_access,vehicle.csv,candidate_predictor
any_vehicle_surface_condition__not_reported,vehicle.csv,candidate_predictor
any_vehicle_surface_condition__oil,vehicle.csv,candidate_predictor
any_vehicle_surface_condition__other,vehicle.csv,candidate_predictor
any_vehicle_surface_condition__reported_as_unknown,vehicle.csv,candidate_predictor
any_vehicle_surface_condition__sand,vehicle.csv,candidate_predictor
any_vehicle_surface_condition__slush,vehicle.csv,candidate_predictor
any_vehicle_surface_condition__snow,vehicle.csv,candidate_predictor
any_vehicle_surface_condition__water_standing_or_moving,vehicle.csv,candidate_predictor
any_vehicle_surface_condition__wet,vehicle.csv,candidate_predictor
