variable,source,timing,model_role
case_number,derived,identifier,identifier
vehicle_number,person.csv,identifier,identifier
person_number,person.csv,identifier,identifier
fold,derived,partition,partition
injured,person.csv,outcome,outcome
serious_or_fatal_injury,person.csv,outcome,outcome
injury_severity_observed,person.csv,outcome,outcome
injury_severity_imputed,person.csv,outcome,outcome
weight,person.csv,survey_design,survey_design
psu,person.csv,survey_design,survey_design
psu_var,person.csv,survey_design,survey_design
psu_stratum,person.csv,survey_design,survey_design
age_years,person.csv,person,primary_predictor
sex,person.csv,person,primary_predictor
person_type,person.csv,person,primary_predictor
seat_position,person.csv,person,primary_predictor
restraint_use,person.csv,person,primary_predictor
restraint_misuse,person.csv,person,primary_predictor
helmet_use,person.csv,person,primary_predictor
helmet_misuse,person.csv,person,primary_predictor
air_bag,person.csv,person,primary_predictor
ejection,person.csv,person,primary_predictor
person_alcohol_involvement,person.csv,person,primary_predictor
alcohol_test_status,person.csv,person,primary_predictor
alcohol_test_type,person.csv,person,primary_predictor
alcohol_test_result,person.csv,person,primary_predictor
police_reported_drug_involvement,person.csv,person,primary_predictor
nonmotorist_location,person.csv,person,primary_predictor
vehicle_occupants,vehicle.csv,context,primary_predictor
unit_type,vehicle.csv,context,primary_predictor
hit_and_run,vehicle.csv,context,primary_predictor
vehicle_model_year,vehicle.csv,context,primary_predictor
vehicle_make,vehicle.csv,context,primary_predictor
vehicle_model,vehicle.csv,context,primary_predictor
vehicle_body_class,vehicle.csv,context,primary_predictor
vehicle_body_type,vehicle.csv,context,primary_predictor
final_body_type,vehicle.csv,context,primary_predictor
gross_vehicle_weight_rating_from,vehicle.csv,context,primary_predictor
gross_vehicle_weight_rating_to,vehicle.csv,context,primary_predictor
trailing_units,vehicle.csv,context,primary_predictor
jackknife,vehicle.csv,context,primary_predictor
vehicle_configuration,vehicle.csv,context,primary_predictor
cargo_body_type,vehicle.csv,context,primary_predictor
hazardous_material_involvement,vehicle.csv,context,primary_predictor
bus_use,vehicle.csv,context,primary_predictor
special_use,vehicle.csv,context,primary_predictor
emergency_use,vehicle.csv,context,primary_predictor
travel_speed,vehicle.csv,context,primary_predictor
underride_override,vehicle.csv,crash_mechanism,primary_predictor
rollover,vehicle.csv,crash_mechanism,primary_predictor
rollover_location,vehicle.csv,crash_mechanism,primary_predictor
initial_impact_point,vehicle.csv,crash_mechanism,primary_predictor
damage_extent,vehicle.csv,post_crash,secondary_triage_predictor
vehicle_towed,vehicle.csv,post_crash,secondary_triage_predictor
most_harmful_event,vehicle.csv,crash_mechanism,primary_predictor
fire_or_explosion,vehicle.csv,crash_mechanism,primary_predictor
driver_presence,vehicle.csv,context,primary_predictor
driver_alcohol_involvement,vehicle.csv,context,primary_predictor
speed_related,vehicle.csv,context,primary_predictor
trafficway_description,vehicle.csv,context,primary_predictor
number_of_lanes,vehicle.csv,context,primary_predictor
speed_limit,vehicle.csv,context,primary_predictor
road_alignment,vehicle.csv,context,primary_predictor
road_grade,vehicle.csv,context,primary_predictor
road_surface_condition,vehicle.csv,context,primary_predictor
traffic_control_device,vehicle.csv,context,primary_predictor
traffic_control_functioning,vehicle.csv,context,primary_predictor
critical_precrash_event,vehicle.csv,context,primary_predictor
critical_event_detail,vehicle.csv,context,primary_predictor
attempted_avoidance_manoeuvre,vehicle.csv,context,primary_predictor
preimpact_stability,vehicle.csv,context,primary_predictor
preimpact_location,vehicle.csv,context,primary_predictor
crash_type,vehicle.csv,context,primary_predictor
region,accident.csv,context,primary_predictor
urbanicity,accident.csv,context,primary_predictor
pedestrians_in_crash,accident.csv,context,primary_predictor
people_not_in_motor_vehicle_in_transport,accident.csv,context,primary_predictor
vehicles_total,accident.csv,context,primary_predictor
vehicles_in_transport,accident.csv,context,primary_predictor
parked_working_vehicles,accident.csv,context,primary_predictor
people_in_motor_vehicles_in_transport,accident.csv,context,primary_predictor
crash_month,accident.csv,context,primary_predictor
day_of_week,accident.csv,context,primary_predictor
crash_hour,accident.csv,context,primary_predictor
crash_minute,accident.csv,context,primary_predictor
first_harmful_event,accident.csv,context,primary_predictor
manner_of_collision,accident.csv,context,primary_predictor
within_interchange_area,accident.csv,context,primary_predictor
junction_location,accident.csv,context,primary_predictor
intersection_type,accident.csv,context,primary_predictor
relation_to_road,accident.csv,context,primary_predictor
work_zone,accident.csv,context,primary_predictor
light_condition,accident.csv,context,primary_predictor
primary_weather,accident.csv,context,primary_predictor
school_bus_related,accident.csv,context,primary_predictor
interstate_highway,accident.csv,context,primary_predictor
crash_alcohol_involvement,accident.csv,context,primary_predictor
crash_factor__aggressive_driving_by_non_contact_vehicle_driver,crashrf.csv,context,primary_predictor
crash_factor__backup_due_to_prior_crash,crashrf.csv,context,primary_predictor
crash_factor__distracted_driver_of_a_non_contact_vehicle,crashrf.csv,context,primary_predictor
crash_factor__emergency_vehicle_related,crashrf.csv,context,primary_predictor
crash_factor__indication_of_a_stalled_disabled_vehicle,crashrf.csv,context,primary_predictor
crash_factor__motor_vehicle_struck_by_falling_cargo_or_something_that_came_loose_from_or_something_that_was_set_in_motion_by_a_vehicle,crashrf.csv,context,primary_predictor
crash_factor__non_occupant_struck_by_falling_cargo_or_something_that_came_loose_from_or_something_that_was_set_in_motion_by_a_vehicle,crashrf.csv,context,primary_predictor
crash_factor__non_occupant_struck_vehicle,crashrf.csv,context,primary_predictor
crash_factor__none_noted,crashrf.csv,context,primary_predictor
crash_factor__obstructed_crosswalks,crashrf.csv,context,primary_predictor
crash_factor__other_maintenance_or_construction_created_condition,crashrf.csv,context,primary_predictor
crash_factor__police_pursuit_involved,crashrf.csv,context,primary_predictor
crash_factor__prior_non_recurring_incident,crashrf.csv,context,primary_predictor
crash_factor__recent_previous_crash_scene_nearby,crashrf.csv,context,primary_predictor
crash_factor__regular_congestion,crashrf.csv,context,primary_predictor
crash_factor__related_to_a_bus_stop,crashrf.csv,context,primary_predictor
crash_factor__road_rage_by_non_contact_vehicle_driver,crashrf.csv,context,primary_predictor
crash_factor__stopped_vehicle_set_in_motion_by_non_driver,crashrf.csv,context,primary_predictor
crash_factor__surface_under_water,crashrf.csv,context,primary_predictor
crash_factor__surface_washed_out_caved_in_road_slippage,crashrf.csv,context,primary_predictor
crash_factor__toll_booth_plaza_related,crashrf.csv,context,primary_predictor
crash_factor__unstabilized_situation_began_and_all_harmful_events_occurred_off_of_the_roadway,crashrf.csv,context,primary_predictor
crash_factor__within_designated_school_zone,crashrf.csv,context,primary_predictor
weather__blowing_sand_soil_dirt,weather.csv,context,primary_predictor
weather__blowing_snow,weather.csv,context,primary_predictor
weather__clear,weather.csv,context,primary_predictor
weather__cloudy,weather.csv,context,primary_predictor
weather__fog_smog_smoke,weather.csv,context,primary_predictor
weather__freezing_rain_or_drizzle,weather.csv,context,primary_predictor
weather__not_reported,weather.csv,context,primary_predictor
weather__other,weather.csv,context,primary_predictor
weather__rain,weather.csv,context,primary_predictor
weather__reported_as_unknown,weather.csv,context,primary_predictor
weather__severe_crosswinds,weather.csv,context,primary_predictor
weather__sleet_or_hail,weather.csv,context,primary_predictor
weather__snow,weather.csv,context,primary_predictor
vehicle_special_factor__adaptive_equipment,vehiclesf.csv,context,primary_predictor
vehicle_special_factor__default_code_used_for_vehicle_numbering,vehiclesf.csv,context,primary_predictor
vehicle_special_factor__highway_construction_maintenance_or_utility_vehicle_in_transport_inside_or_outside_workzone,vehiclesf.csv,context,primary_predictor
vehicle_special_factor__none_noted,vehiclesf.csv,context,primary_predictor
vehicle_special_factor__other_working_vehicle_not_construction_maintenance_utility_police_fire_or_ems_vehicle,vehiclesf.csv,context,primary_predictor
vehicle_special_factor__police_fire_or_ems_vehicle_working_at_the_scene_of_an_emergency_or_performing_other_traffic_control_activities,vehiclesf.csv,context,primary_predictor
vehicle_special_factor__reconstructed_altered_vehicle,vehiclesf.csv,context,primary_predictor
vehicle_special_factor__slide_in_camper,vehiclesf.csv,context,primary_predictor
driver_factor__aggressive_driving,driverrf.csv,context,primary_predictor
driver_factor__alcohol_and_or_drug_test_refused,driverrf.csv,context,primary_predictor
driver_factor__careless_driving_inattentive_operation_improper_driving_driving_without_due_care,driverrf.csv,context,primary_predictor
driver_factor__driver_required_to_use_ignition_interlock_device,driverrf.csv,context,primary_predictor
driver_factor__driving_on_wrong_side_of_two_way_trafficway_intentional_or_unintentional,driverrf.csv,context,primary_predictor
driver_factor__driving_with_tire_related_problems,driverrf.csv,context,primary_predictor
driver_factor__driving_wrong_way_on_one_way_trafficway,driverrf.csv,context,primary_predictor
driver_factor__emergency_medical_service_personnel,driverrf.csv,context,primary_predictor
driver_factor__failing_to_dim_lights_or_to_have_lights_on_when_required,driverrf.csv,context,primary_predictor
driver_factor__fire_personnel,driverrf.csv,context,primary_predictor
driver_factor__getting_off_out_of_a_vehicle,driverrf.csv,context,primary_predictor
driver_factor__improper_management_of_vehicle_controls_specify,driverrf.csv,context,primary_predictor
driver_factor__intentional_illegal_driving_off_the_roadway,driverrf.csv,context,primary_predictor
driver_factor__leaving_vehicle_unattended_with_engine_running_leaving_vehicle_unattended_in_roadway,driverrf.csv,context,primary_predictor
driver_factor__looked_but_did_not_see,driverrf.csv,context,primary_predictor
driver_factor__none_noted,driverrf.csv,context,primary_predictor
driver_factor__object_interference_with_vehicle_controls_specify,driverrf.csv,context,primary_predictor
driver_factor__opening_closure_into_moving_traffic_or_while_vehicle_is_in_motion,driverrf.csv,context,primary_predictor
driver_factor__operating_the_vehicle_in_an_erratic_reckless_or_negligent_manner,driverrf.csv,context,primary_predictor
driver_factor__operating_without_required_equipment,driverrf.csv,context,primary_predictor
driver_factor__overcorrecting,driverrf.csv,context,primary_predictor
driver_factor__overloading_or_improper_loading_of_vehicle_with_passengers_or_cargo,driverrf.csv,context,primary_predictor
driver_factor__police_officer_in_pursuit,driverrf.csv,context,primary_predictor
driver_factor__police_or_law_enforcement_officer,driverrf.csv,context,primary_predictor
driver_factor__police_pursuing_this_driver,driverrf.csv,context,primary_predictor
driver_factor__road_rage,driverrf.csv,context,primary_predictor
driver_factor__stopped_in_roadway_vehicle_not_abandoned,driverrf.csv,context,primary_predictor
driver_factor__tow_operator,driverrf.csv,context,primary_predictor
driver_factor__transportation_i_e_maintenance_workers_safety_service_patrol_operators_etc,driverrf.csv,context,primary_predictor
driver_factor__traveling_on_prohibited_trafficways,driverrf.csv,context,primary_predictor
driver_factor__using_a_belt_positioning_device_or_other,driverrf.csv,context,primary_predictor
driver_distraction__adjusting_audio_or_climate_controls,distract.csv,context,primary_predictor
driver_distraction__by_a_moving_object_in_vehicle,distract.csv,context,primary_predictor
driver_distraction__by_other_occupant_s,distract.csv,context,primary_predictor
driver_distraction__distracted_by_outside_person_object_or_event,distract.csv,context,primary_predictor
driver_distraction__distraction_distracted_details_unknown,distract.csv,context,primary_predictor
driver_distraction__distraction_inattention,distract.csv,context,primary_predictor
driver_distraction__eating_or_drinking,distract.csv,context,primary_predictor
driver_distraction__inattention_inattentive_details_unknown,distract.csv,context,primary_predictor
driver_distraction__lost_in_thought_day_dreaming,distract.csv,context,primary_predictor
driver_distraction__no_driver_present_unknown_if_driver_present,distract.csv,context,primary_predictor
driver_distraction__not_distracted,distract.csv,context,primary_predictor
driver_distraction__not_reported,distract.csv,context,primary_predictor
driver_distraction__other_distraction_specify,distract.csv,context,primary_predictor
driver_distraction__other_mobile_phone_related,distract.csv,context,primary_predictor
driver_distraction__reported_as_unknown_if_distracted,distract.csv,context,primary_predictor
driver_distraction__smoking_related,distract.csv,context,primary_predictor
driver_distraction__while_manipulating_mobile_phone,distract.csv,context,primary_predictor
driver_distraction__while_talking_or_listening_to_mobile_phone,distract.csv,context,primary_predictor
driver_distraction__while_using_or_reaching_for_device_object_brought_into_vehicle,distract.csv,context,primary_predictor
driver_distraction__while_using_other_component_controls_integral_to_vehicle,distract.csv,context,primary_predictor
driver_impairment__asleep_or_fatigued,drimpair.csv,context,primary_predictor
driver_impairment__blind_low_vision,drimpair.csv,context,primary_predictor
driver_impairment__deaf_hard_of_hearing,drimpair.csv,context,primary_predictor
driver_impairment__emotional_depressed_angry_disturbed_etc,drimpair.csv,context,primary_predictor
driver_impairment__ill_blackout,drimpair.csv,context,primary_predictor
driver_impairment__no_driver_present_unknown_if_driver_present,drimpair.csv,context,primary_predictor
driver_impairment__none_apparently_normal,drimpair.csv,context,primary_predictor
driver_impairment__not_reported,drimpair.csv,context,primary_predictor
driver_impairment__other_physical_impairment,drimpair.csv,context,primary_predictor
driver_impairment__paraplegic_or_in_a_wheelchair,drimpair.csv,context,primary_predictor
driver_impairment__physical_impairment_no_details,drimpair.csv,context,primary_predictor
driver_impairment__reported_as_unknown_if_impaired,drimpair.csv,context,primary_predictor
driver_impairment__under_the_influence_of_alcohol_drugs_or_medication,drimpair.csv,context,primary_predictor
driver_impairment__walking_with_a_cane_or_crutches_etc,drimpair.csv,context,primary_predictor
vehicle_contributing_factor__body_doors,factor.csv,context,primary_predictor
vehicle_contributing_factor__brake_system,factor.csv,context,primary_predictor
vehicle_contributing_factor__exhaust_system,factor.csv,context,primary_predictor
vehicle_contributing_factor__head_lights,factor.csv,context,primary_predictor
vehicle_contributing_factor__mirrors,factor.csv,context,primary_predictor
vehicle_contributing_factor__none_noted,factor.csv,context,primary_predictor
vehicle_contributing_factor__other,factor.csv,context,primary_predictor
vehicle_contributing_factor__other_lights,factor.csv,context,primary_predictor
vehicle_contributing_factor__power_train,factor.csv,context,primary_predictor
vehicle_contributing_factor__reported_as_unknown,factor.csv,context,primary_predictor
vehicle_contributing_factor__safety_systems,factor.csv,context,primary_predictor
vehicle_contributing_factor__signal_lights,factor.csv,context,primary_predictor
vehicle_contributing_factor__steering,factor.csv,context,primary_predictor
vehicle_contributing_factor__suspension,factor.csv,context,primary_predictor
vehicle_contributing_factor__tires,factor.csv,context,primary_predictor
vehicle_contributing_factor__truck_coupling_trailer_hitch_safety_chains,factor.csv,context,primary_predictor
vehicle_contributing_factor__vehicle_contributing_factors_no_details,factor.csv,context,primary_predictor
vehicle_contributing_factor__wheels,factor.csv,context,primary_predictor
vehicle_contributing_factor__windows_windshield,factor.csv,context,primary_predictor
vehicle_contributing_factor__wipers,factor.csv,context,primary_predictor
avoidance_manoeuvre__contact_motor_vehicle_in_this_crash,maneuver.csv,context,primary_predictor
avoidance_manoeuvre__driver_did_not_maneuver_to_avoid,maneuver.csv,context,primary_predictor
avoidance_manoeuvre__live_animal,maneuver.csv,context,primary_predictor
avoidance_manoeuvre__no_driver_present_unknown_if_driver_present,maneuver.csv,context,primary_predictor
avoidance_manoeuvre__not_reported,maneuver.csv,context,primary_predictor
avoidance_manoeuvre__object,maneuver.csv,context,primary_predictor
avoidance_manoeuvre__pedestrian_pedalcyclist_or_other_non_motorist,maneuver.csv,context,primary_predictor
avoidance_manoeuvre__phantom_non_contact_motor_vehicle,maneuver.csv,context,primary_predictor
avoidance_manoeuvre__poor_road_conditions_puddle_ice_pothole_etc,maneuver.csv,context,primary_predictor
avoidance_manoeuvre__reported_as_unknown,maneuver.csv,context,primary_predictor
driver_violation__alcohol_drug_or_impairment_violations_generally,violatn.csv,context,primary_predictor
driver_violation__brake_violations,violatn.csv,context,primary_predictor
driver_violation__certain_traffic_to_use_right_lane_trucks_slow_moving_etc,violatn.csv,context,primary_predictor
driver_violation__circumvention_of_ignition_interlock_device,violatn.csv,context,primary_predictor
driver_violation__commercial_driver_violations_log_book_hours_permits_carried,violatn.csv,context,primary_predictor
driver_violation__drinking_while_operating,violatn.csv,context,primary_predictor
driver_violation__driving_on_left_wrong_side_of_road_generally,violatn.csv,context,primary_predictor
driver_violation__driving_too_slowly,violatn.csv,context,primary_predictor
driver_violation__driving_uninsured_vehicle,violatn.csv,context,primary_predictor
driver_violation__driving_where_prohibited_sidewalk_limited_access_off_truck_route,violatn.csv,context,primary_predictor
driver_violation__driving_while_impaired,violatn.csv,context,primary_predictor
driver_violation__driving_while_intoxicated_alcohol_or_drugs_or_bac_above_limit_any_detectable_bac_for_cdls,violatn.csv,context,primary_predictor
driver_violation__driving_while_license_withdrawn,violatn.csv,context,primary_predictor
driver_violation__driving_with_detectable_alcohol,violatn.csv,context,primary_predictor
driver_violation__driving_wrong_way_on_one_way_road,violatn.csv,context,primary_predictor
driver_violation__enter_intersection_when_space_insufficient,violatn.csv,context,primary_predictor
driver_violation__equipment_violations_generally,violatn.csv,context,primary_predictor
driver_violation__exceeding_special_speed_limit_e_g_for_trucks_buses_cycles_or_on_bridge_in_school_zone_etc,violatn.csv,context,primary_predictor
driver_violation__fail_to_carry_insurance_card,violatn.csv,context,primary_predictor
driver_violation__fail_to_give_aid_info_wait_for_police_after_crash,violatn.csv,context,primary_predictor
driver_violation__fail_to_give_way_when_overtaken,violatn.csv,context,primary_predictor
driver_violation__fail_to_obey_flashing_signal_yellow_or_red,violatn.csv,context,primary_predictor
driver_violation__fail_to_obey_police_fireman_authorized_person_directing_traffic,violatn.csv,context,primary_predictor
driver_violation__fail_to_obey_signal_generally,violatn.csv,context,primary_predictor
driver_violation__fail_to_obey_stop_sign,violatn.csv,context,primary_predictor
driver_violation__fail_to_obey_traffic_control_device,violatn.csv,context,primary_predictor
driver_violation__fail_to_obey_yield_sign,violatn.csv,context,primary_predictor
driver_violation__fail_to_signal_for_turn_or_stop,violatn.csv,context,primary_predictor
driver_violation__fail_to_stop_for_flashing_red,violatn.csv,context,primary_predictor
driver_violation__fail_to_stop_for_red_signal,violatn.csv,context,primary_predictor
driver_violation__fail_to_yield_generally,violatn.csv,context,primary_predictor
driver_violation__fail_to_yield_to_emergency_vehicle,violatn.csv,context,primary_predictor
driver_violation__failure_to_require_restraint_use_by_self_or_passengers,violatn.csv,context,primary_predictor
driver_violation__fleeing_or_eluding_police,violatn.csv,context,primary_predictor
driver_violation__following_too_closely,violatn.csv,context,primary_predictor
driver_violation__hit_and_run_fail_to_stop_after_crash,violatn.csv,context,primary_predictor
driver_violation__illegal_possession_of_alcohol_or_drugs,violatn.csv,context,primary_predictor
driver_violation__improper_method_position_of_turn_too_wide_wrong_lane,violatn.csv,context,primary_predictor
driver_violation__improper_unsafe_passing,violatn.csv,context,primary_predictor
driver_violation__improper_use_of_lane_enter_of_3_lane_road_hov_designated_lane,violatn.csv,context,primary_predictor
driver_violation__inattentive_careless_improper_driving_driving_without_due_care,violatn.csv,context,primary_predictor
driver_violation__lamp_violations,violatn.csv,context,primary_predictor
driver_violation__lane_violations_generally,violatn.csv,context,primary_predictor
driver_violation__manslaughter_or_homicide,violatn.csv,context,primary_predictor
driver_violation__motorcycle_equipment_violations_helmet_special_equipment,violatn.csv,context,primary_predictor
driver_violation__motorcycle_lane_violations_more_than_two_per_lane_riding_between_lanes_etc,violatn.csv,context,primary_predictor
driver_violation__no_driver_present_unknown_if_driver_present,violatn.csv,context,primary_predictor
driver_violation__non_moving_violations_generally,violatn.csv,context,primary_predictor
driver_violation__none,violatn.csv,context,primary_predictor
driver_violation__not_reported,violatn.csv,context,primary_predictor
driver_violation__other_driver_license_violations,violatn.csv,context,primary_predictor
driver_violation__other_moving_violation_coasting_backing_opening_door,violatn.csv,context,primary_predictor
driver_violation__parking,violatn.csv,context,primary_predictor
driver_violation__pass_on_right_drive_off_pavement_to_pass,violatn.csv,context,primary_predictor
driver_violation__pass_stopped_school_bus,violatn.csv,context,primary_predictor
driver_violation__racing,violatn.csv,context,primary_predictor
driver_violation__refusal_to_submit_to_chemical_test,violatn.csv,context,primary_predictor
driver_violation__serious_violation_resulting_in_death,violatn.csv,context,primary_predictor
driver_violation__size_weight_load_violations,violatn.csv,context,primary_predictor
driver_violation__speed_greater_than_reasonable_prudent_not_necessarily_over_the_limit,violatn.csv,context,primary_predictor
driver_violation__speed_related_violations_generally,violatn.csv,context,primary_predictor
driver_violation__speeding_above_the_speed_limit,violatn.csv,context,primary_predictor
driver_violation__theft_unauthorized_use_of_motor_vehicle,violatn.csv,context,primary_predictor
driver_violation__turn_in_violation_of_traffic_control_disobey_signs_turn_arrow_or_pavement_markings_not_a_right_on_red_violation,violatn.csv,context,primary_predictor
driver_violation__turn_yield_signaling_violations_generally,violatn.csv,context,primary_predictor
driver_violation__unknown_violation_s,violatn.csv,context,primary_predictor
driver_violation__unsafe_or_prohibited_lane_change,violatn.csv,context,primary_predictor
driver_violation__unsafe_reckless_not_willful_wanton_reckless_driving,violatn.csv,context,primary_predictor
driver_violation__use_of_telecommunications_device,violatn.csv,context,primary_predictor
driver_violation__vehicle_registration_violations,violatn.csv,context,primary_predictor
driver_violation__violate_rr_grade_crossing_device_regulations,violatn.csv,context,primary_predictor
driver_violation__violation_of_turn_on_red_fail_to_stop_yield_yield_to_pedestrians_before_turning,violatn.csv,context,primary_predictor
driver_violation__willful_reckless_driving_driving_to_endanger_negligent_driving,violatn.csv,context,primary_predictor
driver_violation__wrong_side_passing_following_violations_generally,violatn.csv,context,primary_predictor
vision_obstruction__broken_or_improperly_cleaned_windshield,vision.csv,context,primary_predictor
vision_obstruction__building_billboard_other_structure,vision.csv,context,primary_predictor
vision_obstruction__curve_hill_or_other_roadway_design_feature,vision.csv,context,primary_predictor
vision_obstruction__external_mirrors,vision.csv,context,primary_predictor
vision_obstruction__in_transport_motor_vehicle_including_load,vision.csv,context,primary_predictor
vision_obstruction__inadequate_defrost_or_defog_system,vision.csv,context,primary_predictor
vision_obstruction__no_driver_present_unknown_if_driver_present,vision.csv,context,primary_predictor
vision_obstruction__no_obstruction_noted,vision.csv,context,primary_predictor
vision_obstruction__not_in_transport_motor_vehicle_parked_working,vision.csv,context,primary_predictor
vision_obstruction__obstructing_angles_on_vehicle,vision.csv,context,primary_predictor
vision_obstruction__obstruction_interior_to_the_vehicle,vision.csv,context,primary_predictor
vision_obstruction__other_visual_obstruction,vision.csv,context,primary_predictor
vision_obstruction__rain_snow_fog_smoke_sand_dust,vision.csv,context,primary_predictor
vision_obstruction__reflected_glare_bright_sunlight_headlights,vision.csv,context,primary_predictor
vision_obstruction__reported_as_unknown,vision.csv,context,primary_predictor
vision_obstruction__splash_or_spray_of_passing_vehicle,vision.csv,context,primary_predictor
vision_obstruction__trees_crops_vegetation,vision.csv,context,primary_predictor
vision_obstruction__vision_obscured_no_details,vision.csv,context,primary_predictor
person_factor__alcohol_and_or_drug_test_refused,personrf.csv,person,primary_predictor
person_factor__construction_maintenance_utility_worker,personrf.csv,person,primary_predictor
person_factor__default_code_used_for_vehicle_numbering,personrf.csv,person,primary_predictor
person_factor__emergency_medical_service_personnel,personrf.csv,person,primary_predictor
person_factor__fire_personnel,personrf.csv,person,primary_predictor
person_factor__interfering_with_driver,personrf.csv,person,primary_predictor
person_factor__motor_vehicle_occupant_in_prior_crash,personrf.csv,person,primary_predictor
person_factor__motorized_wheelchair_rider,personrf.csv,person,primary_predictor
person_factor__non_motorist_previously_used_a_motor_vehicle_for_motion,personrf.csv,person,primary_predictor
person_factor__non_motorist_pushing_a_vehicle,personrf.csv,person,primary_predictor
person_factor__non_motorist_wearing_motorcycle_helmet,personrf.csv,person,primary_predictor
person_factor__non_operator_flees_scene,personrf.csv,person,primary_predictor
person_factor__none_noted,personrf.csv,person,primary_predictor
person_factor__obstructed_sidewalk_for_this_person,personrf.csv,person,primary_predictor
person_factor__opening_vehicle_closure_into_moving_traffic_or_while_vehicle_is_in_motion,personrf.csv,person,primary_predictor
person_factor__paraplegic_or_in_a_wheelchair,personrf.csv,person,primary_predictor
person_factor__person_in_ambulance_treatment_compartment,personrf.csv,person,primary_predictor
person_factor__police_or_law_enforcement_officer,personrf.csv,person,primary_predictor
person_factor__portable_electronic_devices,personrf.csv,person,primary_predictor
person_factor__tow_operator,personrf.csv,person,primary_predictor
person_factor__transportation_i_e_maintenance_workers_safety_service_patrol_operators_etc,personrf.csv,person,primary_predictor
person_factor__using_a_shared_micromobility_device,personrf.csv,person,primary_predictor
postcrash_damaged_area__10_clock_value,damage.csv,post_crash,secondary_triage_predictor
postcrash_damaged_area__11_clock_value,damage.csv,post_crash,secondary_triage_predictor
postcrash_damaged_area__12_clock_value,damage.csv,post_crash,secondary_triage_predictor
postcrash_damaged_area__1_clock_value,damage.csv,post_crash,secondary_triage_predictor
postcrash_damaged_area__2_clock_value,damage.csv,post_crash,secondary_triage_predictor
postcrash_damaged_area__3_clock_value,damage.csv,post_crash,secondary_triage_predictor
postcrash_damaged_area__4_clock_value,damage.csv,post_crash,secondary_triage_predictor
postcrash_damaged_area__5_clock_value,damage.csv,post_crash,secondary_triage_predictor
postcrash_damaged_area__6_clock_value,damage.csv,post_crash,secondary_triage_predictor
postcrash_damaged_area__7_clock_value,damage.csv,post_crash,secondary_triage_predictor
postcrash_damaged_area__8_clock_value,damage.csv,post_crash,secondary_triage_predictor
postcrash_damaged_area__9_clock_value,damage.csv,post_crash,secondary_triage_predictor
postcrash_damaged_area__damage_areas_unknown,damage.csv,post_crash,secondary_triage_predictor
postcrash_damaged_area__no_damage,damage.csv,post_crash,secondary_triage_predictor
postcrash_damaged_area__top,damage.csv,post_crash,secondary_triage_predictor
postcrash_damaged_area__undercarriage,damage.csv,post_crash,secondary_triage_predictor
vehicle_event_count,vevent.csv,crash_mechanism,primary_predictor
first_vehicle_event,vevent.csv,crash_mechanism,primary_predictor
last_vehicle_event,vevent.csv,crash_mechanism,primary_predictor
first_vehicle_impact_area,vevent.csv,crash_mechanism,primary_predictor
vehicle_event__boulder,vevent.csv,crash_mechanism,primary_predictor
vehicle_event__bridge_overhead_structure,vevent.csv,crash_mechanism,primary_predictor
vehicle_event__bridge_pier_or_support,vevent.csv,crash_mechanism,primary_predictor
vehicle_event__bridge_rail_includes_parapet,vevent.csv,crash_mechanism,primary_predictor
vehicle_event__building,vevent.csv,crash_mechanism,primary_predictor
vehicle_event__cable_barrier,vevent.csv,crash_mechanism,primary_predictor
vehicle_event__cargo_equipment_loss_or_shift_non_harmful,vevent.csv,crash_mechanism,primary_predictor
vehicle_event__cargo_equipment_loss_shift_or_damage_harmful,vevent.csv,crash_mechanism,primary_predictor
vehicle_event__concrete_traffic_barrier,vevent.csv,crash_mechanism,primary_predictor
vehicle_event__cross_centerline,vevent.csv,crash_mechanism,primary_predictor
vehicle_event__cross_median,vevent.csv,crash_mechanism,primary_predictor
vehicle_event__culvert,vevent.csv,crash_mechanism,primary_predictor
vehicle_event__curb,vevent.csv,crash_mechanism,primary_predictor
vehicle_event__ditch,vevent.csv,crash_mechanism,primary_predictor
vehicle_event__downhill_runaway,vevent.csv,crash_mechanism,primary_predictor
vehicle_event__embankment,vevent.csv,crash_mechanism,primary_predictor
vehicle_event__end_departure,vevent.csv,crash_mechanism,primary_predictor
vehicle_event__equipment_failure_blown_tire_brake_failure_etc,vevent.csv,crash_mechanism,primary_predictor
vehicle_event__fell_jumped_from_vehicle,vevent.csv,crash_mechanism,primary_predictor
vehicle_event__fence,vevent.csv,crash_mechanism,primary_predictor
vehicle_event__fire_explosion,vevent.csv,crash_mechanism,primary_predictor
vehicle_event__fire_hydrant,vevent.csv,crash_mechanism,primary_predictor
vehicle_event__ground,vevent.csv,crash_mechanism,primary_predictor
vehicle_event__guardrail_end,vevent.csv,crash_mechanism,primary_predictor
vehicle_event__guardrail_face,vevent.csv,crash_mechanism,primary_predictor
vehicle_event__harmful_event_details_not_reported,vevent.csv,crash_mechanism,primary_predictor
vehicle_event__immersion_or_partial_immersion,vevent.csv,crash_mechanism,primary_predictor
vehicle_event__impact_attenuator_crash_cushion,vevent.csv,crash_mechanism,primary_predictor
vehicle_event__injured_in_vehicle_non_collision,vevent.csv,crash_mechanism,primary_predictor
vehicle_event__jackknife_harmful_to_this_vehicle,vevent.csv,crash_mechanism,primary_predictor
vehicle_event__live_animal,vevent.csv,crash_mechanism,primary_predictor
vehicle_event__mail_box,vevent.csv,crash_mechanism,primary_predictor
vehicle_event__motor_vehicle_in_transport,vevent.csv,crash_mechanism,primary_predictor
vehicle_event__motor_vehicle_in_transport_strikes_or_is_struck_by_cargo_persons_or_objects_set_in_motion_from_by_another_motor_vehicle_in_transport,vevent.csv,crash_mechanism,primary_predictor
vehicle_event__non_harmful_swaying_trailer_jackknife,vevent.csv,crash_mechanism,primary_predictor
vehicle_event__non_motorist_on_personal_conveyance,vevent.csv,crash_mechanism,primary_predictor
vehicle_event__object_that_had_fallen_from_motor_vehicle_in_transport,vevent.csv,crash_mechanism,primary_predictor
vehicle_event__other_fixed_object,vevent.csv,crash_mechanism,primary_predictor
vehicle_event__other_non_collision,vevent.csv,crash_mechanism,primary_predictor
vehicle_event__other_object_not_fixed,vevent.csv,crash_mechanism,primary_predictor
vehicle_event__other_traffic_barrier,vevent.csv,crash_mechanism,primary_predictor
vehicle_event__parked_motor_vehicle,vevent.csv,crash_mechanism,primary_predictor
vehicle_event__pavement_surface_irregularity_ruts_potholes_grates_etc,vevent.csv,crash_mechanism,primary_predictor
vehicle_event__pedalcyclist,vevent.csv,crash_mechanism,primary_predictor
vehicle_event__pedestrian,vevent.csv,crash_mechanism,primary_predictor
vehicle_event__post_pole_or_other_supports,vevent.csv,crash_mechanism,primary_predictor
vehicle_event__railway_vehicle,vevent.csv,crash_mechanism,primary_predictor
vehicle_event__ran_off_roadway_direction_unknown,vevent.csv,crash_mechanism,primary_predictor
vehicle_event__ran_off_roadway_left,vevent.csv,crash_mechanism,primary_predictor
vehicle_event__ran_off_roadway_right,vevent.csv,crash_mechanism,primary_predictor
vehicle_event__re_entering_roadway,vevent.csv,crash_mechanism,primary_predictor
vehicle_event__reported_as_unknown,vevent.csv,crash_mechanism,primary_predictor
vehicle_event__ridden_animal_or_animal_drawn_conveyance,vevent.csv,crash_mechanism,primary_predictor
vehicle_event__road_vehicle_on_rails,vevent.csv,crash_mechanism,primary_predictor
vehicle_event__rollover_overturn,vevent.csv,crash_mechanism,primary_predictor
vehicle_event__separation_of_units,vevent.csv,crash_mechanism,primary_predictor
vehicle_event__shrubbery,vevent.csv,crash_mechanism,primary_predictor
vehicle_event__snow_bank,vevent.csv,crash_mechanism,primary_predictor
vehicle_event__thrown_or_falling_object,vevent.csv,crash_mechanism,primary_predictor
vehicle_event__traffic_sign_support,vevent.csv,crash_mechanism,primary_predictor
vehicle_event__traffic_signal_support,vevent.csv,crash_mechanism,primary_predictor
vehicle_event__tree_standing_only,vevent.csv,crash_mechanism,primary_predictor
vehicle_event__unknown_fixed_object,vevent.csv,crash_mechanism,primary_predictor
vehicle_event__unknown_object_not_fixed,vevent.csv,crash_mechanism,primary_predictor
vehicle_event__utility_pole_light_support,vevent.csv,crash_mechanism,primary_predictor
vehicle_event__vehicle_went_airborne,vevent.csv,crash_mechanism,primary_predictor
vehicle_event__wall,vevent.csv,crash_mechanism,primary_predictor
vehicle_event__working_motor_vehicle,vevent.csv,crash_mechanism,primary_predictor
vpic_vindecodeerror,vpicdecode.csv,context,primary_predictor
vpic_vehicletype,vpicdecode.csv,context,primary_predictor
vpic_bodyclass,vpicdecode.csv,context,primary_predictor
vpic_doorscount,vpicdecode.csv,context,primary_predictor
vpic_wheelbasetype,vpicdecode.csv,context,primary_predictor
vpic_curbweightlb,vpicdecode.csv,context,primary_predictor
vpic_wheelbasein_from,vpicdecode.csv,context,primary_predictor
vpic_wheelbasein_to,vpicdecode.csv,context,primary_predictor
vpic_wheelscount,vpicdecode.csv,context,primary_predictor
vpic_seatscount,vpicdecode.csv,context,primary_predictor
vpic_seatrowscount,vpicdecode.csv,context,primary_predictor
vpic_transmissionspeeds,vpicdecode.csv,context,primary_predictor
vpic_transmissionstyle,vpicdecode.csv,context,primary_predictor
vpic_drivetype,vpicdecode.csv,context,primary_predictor
vpic_brakesystemtype,vpicdecode.csv,context,primary_predictor
vpic_engineconfiguration,vpicdecode.csv,context,primary_predictor
vpic_enginecylinderscount,vpicdecode.csv,context,primary_predictor
vpic_enginebrakehp_from,vpicdecode.csv,context,primary_predictor
vpic_enginebrakehp_to,vpicdecode.csv,context,primary_predictor
vpic_displacementl,vpicdecode.csv,context,primary_predictor
vpic_fueltypeprimary,vpicdecode.csv,context,primary_predictor
vpic_engineelectrificationlevel,vpicdecode.csv,context,primary_predictor
vpic_seatbelttype,vpicdecode.csv,context,primary_predictor
vpic_pretensioner,vpicdecode.csv,context,primary_predictor
vpic_airbaglocfront,vpicdecode.csv,context,primary_predictor
vpic_airbaglocknee,vpicdecode.csv,context,primary_predictor
vpic_airbaglocside,vpicdecode.csv,context,primary_predictor
vpic_airbagloccurtain,vpicdecode.csv,context,primary_predictor
vpic_forwardcollisionwarning,vpicdecode.csv,context,primary_predictor
vpic_dynamicbrakesupport,vpicdecode.csv,context,primary_predictor
vpic_crashimminentbraking,vpicdecode.csv,context,primary_predictor
vpic_pedestrianautoemergencybraking,vpicdecode.csv,context,primary_predictor
vpic_blindspotwarning,vpicdecode.csv,context,primary_predictor
vpic_lanedeparturewarning,vpicdecode.csv,context,primary_predictor
vpic_lanekeepingassistance,vpicdecode.csv,context,primary_predictor
vpic_backupcamera,vpicdecode.csv,context,primary_predictor
vpic_rearcrosstrafficalert,vpicdecode.csv,context,primary_predictor
vpic_parkassist,vpicdecode.csv,context,primary_predictor
vpic_daytimerunninglight,vpicdecode.csv,context,primary_predictor
vpic_headlamplightsource,vpicdecode.csv,context,primary_predictor
vpic_adaptivecruisecontrol,vpicdecode.csv,context,primary_predictor
vpic_antilockbrakesystem,vpicdecode.csv,context,primary_predictor
vpic_electronicstabilitycontrol,vpicdecode.csv,context,primary_predictor
vpic_tpms,vpicdecode.csv,context,primary_predictor
vpic_automaticcrashnotification,vpicdecode.csv,context,primary_predictor
vpic_eventdatarecorder,vpicdecode.csv,context,primary_predictor
vpic_tractioncontrol,vpicdecode.csv,context,primary_predictor
