target,excluded_variable_or_prefix,reason
any_injury,any_injury,Selected target cannot also be a predictor
any_injury,fatal_crash,"Same outcome, direct component, or explicit description would leak the target"
any_injury,injured_cyclist,"Same outcome, direct component, or explicit description would leak the target"
any_injury,injured_pedestrian,"Same outcome, direct component, or explicit description would leak the target"
any_injury,maximum_injury_severity,"Same outcome, direct component, or explicit description would leak the target"
any_injury,multiple_people_injured,"Same outcome, direct component, or explicit description would leak the target"
any_injury,number_injured,"Same outcome, direct component, or explicit description would leak the target"
any_injury,occupant_injury,"Same outcome, direct component, or explicit description would leak the target"
any_injury,passenger_injury,"Same outcome, direct component, or explicit description would leak the target"
any_injury,serious_or_fatal_injury,"Same outcome, direct component, or explicit description would leak the target"
any_injury,serious_vulnerable_road_user_injury,"Same outcome, direct component, or explicit description would leak the target"
commercial_vehicle_involved,vehicle_body_type__,"Same outcome, direct component, or explicit description would leak the target"
commercial_vehicle_involved,vehicle_configuration__,"Same outcome, direct component, or explicit description would leak the target"
fatal_crash,any_injury,"Same outcome, direct component, or explicit description would leak the target"
fatal_crash,fatal_crash,Selected target cannot also be a predictor
fatal_crash,injured_cyclist,"Same outcome, direct component, or explicit description would leak the target"
fatal_crash,injured_pedestrian,"Same outcome, direct component, or explicit description would leak the target"
fatal_crash,maximum_injury_severity,"Same outcome, direct component, or explicit description would leak the target"
fatal_crash,multiple_people_injured,"Same outcome, direct component, or explicit description would leak the target"
fatal_crash,number_injured,"Same outcome, direct component, or explicit description would leak the target"
fatal_crash,occupant_injury,"Same outcome, direct component, or explicit description would leak the target"
fatal_crash,passenger_injury,"Same outcome, direct component, or explicit description would leak the target"
fatal_crash,serious_or_fatal_injury,"Same outcome, direct component, or explicit description would leak the target"
fatal_crash,serious_vulnerable_road_user_injury,"Same outcome, direct component, or explicit description would leak the target"
hazardous_material_involved,hazardous_material_involved,Selected target cannot also be a predictor
hit_and_run,hit_and_run,Selected target cannot also be a predictor
injured_cyclist,any_injury,"Same outcome, direct component, or explicit description would leak the target"
injured_cyclist,crash_factor__non_occupant_struck_vehicle,"Same outcome, direct component, or explicit description would leak the target"
injured_cyclist,fatal_crash,"Same outcome, direct component, or explicit description would leak the target"
injured_cyclist,first_harmful_event,"Same outcome, direct component, or explicit description would leak the target"
injured_cyclist,injured_cyclist,Selected target cannot also be a predictor
injured_cyclist,injured_pedestrian,"Same outcome, direct component, or explicit description would leak the target"
injured_cyclist,maximum_injury_severity,"Same outcome, direct component, or explicit description would leak the target"
injured_cyclist,multiple_people_injured,"Same outcome, direct component, or explicit description would leak the target"
injured_cyclist,number_injured,"Same outcome, direct component, or explicit description would leak the target"
injured_cyclist,occupant_injury,"Same outcome, direct component, or explicit description would leak the target"
injured_cyclist,passenger_injury,"Same outcome, direct component, or explicit description would leak the target"
injured_cyclist,serious_or_fatal_injury,"Same outcome, direct component, or explicit description would leak the target"
injured_cyclist,serious_vulnerable_road_user_injury,"Same outcome, direct component, or explicit description would leak the target"
injured_pedestrian,any_injury,"Same outcome, direct component, or explicit description would leak the target"
injured_pedestrian,crash_factor__non_occupant_struck_vehicle,"Same outcome, direct component, or explicit description would leak the target"
injured_pedestrian,fatal_crash,"Same outcome, direct component, or explicit description would leak the target"
injured_pedestrian,first_harmful_event,"Same outcome, direct component, or explicit description would leak the target"
injured_pedestrian,injured_cyclist,"Same outcome, direct component, or explicit description would leak the target"
injured_pedestrian,injured_pedestrian,Selected target cannot also be a predictor
injured_pedestrian,maximum_injury_severity,"Same outcome, direct component, or explicit description would leak the target"
injured_pedestrian,multiple_people_injured,"Same outcome, direct component, or explicit description would leak the target"
injured_pedestrian,number_injured,"Same outcome, direct component, or explicit description would leak the target"
injured_pedestrian,occupant_injury,"Same outcome, direct component, or explicit description would leak the target"
injured_pedestrian,passenger_injury,"Same outcome, direct component, or explicit description would leak the target"
injured_pedestrian,serious_or_fatal_injury,"Same outcome, direct component, or explicit description would leak the target"
injured_pedestrian,serious_vulnerable_road_user_injury,"Same outcome, direct component, or explicit description would leak the target"
maximum_injury_severity,any_injury,"Same outcome, direct component, or explicit description would leak the target"
maximum_injury_severity,fatal_crash,"Same outcome, direct component, or explicit description would leak the target"
maximum_injury_severity,injured_cyclist,"Same outcome, direct component, or explicit description would leak the target"
maximum_injury_severity,injured_pedestrian,"Same outcome, direct component, or explicit description would leak the target"
maximum_injury_severity,maximum_injury_severity,Selected target cannot also be a predictor
maximum_injury_severity,multiple_people_injured,"Same outcome, direct component, or explicit description would leak the target"
maximum_injury_severity,number_injured,"Same outcome, direct component, or explicit description would leak the target"
maximum_injury_severity,occupant_injury,"Same outcome, direct component, or explicit description would leak the target"
maximum_injury_severity,passenger_injury,"Same outcome, direct component, or explicit description would leak the target"
maximum_injury_severity,serious_or_fatal_injury,"Same outcome, direct component, or explicit description would leak the target"
maximum_injury_severity,serious_vulnerable_road_user_injury,"Same outcome, direct component, or explicit description would leak the target"
multi_vehicle_crash,vehicle_count,"Same outcome, direct component, or explicit description would leak the target"
multiple_people_injured,any_injury,"Same outcome, direct component, or explicit description would leak the target"
multiple_people_injured,fatal_crash,"Same outcome, direct component, or explicit description would leak the target"
multiple_people_injured,injured_cyclist,"Same outcome, direct component, or explicit description would leak the target"
multiple_people_injured,injured_pedestrian,"Same outcome, direct component, or explicit description would leak the target"
multiple_people_injured,maximum_injury_severity,"Same outcome, direct component, or explicit description would leak the target"
multiple_people_injured,multiple_people_injured,Selected target cannot also be a predictor
multiple_people_injured,number_injured,"Same outcome, direct component, or explicit description would leak the target"
multiple_people_injured,occupant_injury,"Same outcome, direct component, or explicit description would leak the target"
multiple_people_injured,passenger_injury,"Same outcome, direct component, or explicit description would leak the target"
multiple_people_injured,serious_or_fatal_injury,"Same outcome, direct component, or explicit description would leak the target"
multiple_people_injured,serious_vulnerable_road_user_injury,"Same outcome, direct component, or explicit description would leak the target"
number_injured,any_injury,"Same outcome, direct component, or explicit description would leak the target"
number_injured,fatal_crash,"Same outcome, direct component, or explicit description would leak the target"
number_injured,injured_cyclist,"Same outcome, direct component, or explicit description would leak the target"
number_injured,injured_pedestrian,"Same outcome, direct component, or explicit description would leak the target"
number_injured,maximum_injury_severity,"Same outcome, direct component, or explicit description would leak the target"
number_injured,multiple_people_injured,"Same outcome, direct component, or explicit description would leak the target"
number_injured,number_injured,Selected target cannot also be a predictor
number_injured,occupant_injury,"Same outcome, direct component, or explicit description would leak the target"
number_injured,passenger_injury,"Same outcome, direct component, or explicit description would leak the target"
number_injured,serious_or_fatal_injury,"Same outcome, direct component, or explicit description would leak the target"
number_injured,serious_vulnerable_road_user_injury,"Same outcome, direct component, or explicit description would leak the target"
occupant_injury,any_injury,"Same outcome, direct component, or explicit description would leak the target"
occupant_injury,fatal_crash,"Same outcome, direct component, or explicit description would leak the target"
occupant_injury,injured_cyclist,"Same outcome, direct component, or explicit description would leak the target"
occupant_injury,injured_pedestrian,"Same outcome, direct component, or explicit description would leak the target"
occupant_injury,maximum_injury_severity,"Same outcome, direct component, or explicit description would leak the target"
occupant_injury,multiple_people_injured,"Same outcome, direct component, or explicit description would leak the target"
occupant_injury,number_injured,"Same outcome, direct component, or explicit description would leak the target"
occupant_injury,occupant_injury,Selected target cannot also be a predictor
occupant_injury,passenger_injury,"Same outcome, direct component, or explicit description would leak the target"
occupant_injury,serious_or_fatal_injury,"Same outcome, direct component, or explicit description would leak the target"
occupant_injury,serious_vulnerable_road_user_injury,"Same outcome, direct component, or explicit description would leak the target"
passenger_injury,any_injury,"Same outcome, direct component, or explicit description would leak the target"
passenger_injury,fatal_crash,"Same outcome, direct component, or explicit description would leak the target"
passenger_injury,injured_cyclist,"Same outcome, direct component, or explicit description would leak the target"
passenger_injury,injured_pedestrian,"Same outcome, direct component, or explicit description would leak the target"
passenger_injury,maximum_injury_severity,"Same outcome, direct component, or explicit description would leak the target"
passenger_injury,multiple_people_injured,"Same outcome, direct component, or explicit description would leak the target"
passenger_injury,number_injured,"Same outcome, direct component, or explicit description would leak the target"
passenger_injury,occupant_injury,"Same outcome, direct component, or explicit description would leak the target"
passenger_injury,passenger_injury,Selected target cannot also be a predictor
passenger_injury,serious_or_fatal_injury,"Same outcome, direct component, or explicit description would leak the target"
passenger_injury,serious_vulnerable_road_user_injury,"Same outcome, direct component, or explicit description would leak the target"
rollover_crash,rollover_crash,Selected target cannot also be a predictor
serious_or_fatal_injury,any_injury,"Same outcome, direct component, or explicit description would leak the target"
serious_or_fatal_injury,fatal_crash,"Same outcome, direct component, or explicit description would leak the target"
serious_or_fatal_injury,injured_cyclist,"Same outcome, direct component, or explicit description would leak the target"
serious_or_fatal_injury,injured_pedestrian,"Same outcome, direct component, or explicit description would leak the target"
serious_or_fatal_injury,maximum_injury_severity,"Same outcome, direct component, or explicit description would leak the target"
serious_or_fatal_injury,multiple_people_injured,"Same outcome, direct component, or explicit description would leak the target"
serious_or_fatal_injury,number_injured,"Same outcome, direct component, or explicit description would leak the target"
serious_or_fatal_injury,occupant_injury,"Same outcome, direct component, or explicit description would leak the target"
serious_or_fatal_injury,passenger_injury,"Same outcome, direct component, or explicit description would leak the target"
serious_or_fatal_injury,serious_or_fatal_injury,Selected target cannot also be a predictor
serious_or_fatal_injury,serious_vulnerable_road_user_injury,"Same outcome, direct component, or explicit description would leak the target"
serious_vulnerable_road_user_injury,any_injury,"Same outcome, direct component, or explicit description would leak the target"
serious_vulnerable_road_user_injury,crash_factor__non_occupant_struck_vehicle,"Same outcome, direct component, or explicit description would leak the target"
serious_vulnerable_road_user_injury,fatal_crash,"Same outcome, direct component, or explicit description would leak the target"
serious_vulnerable_road_user_injury,first_harmful_event,"Same outcome, direct component, or explicit description would leak the target"
serious_vulnerable_road_user_injury,injured_cyclist,"Same outcome, direct component, or explicit description would leak the target"
serious_vulnerable_road_user_injury,injured_pedestrian,"Same outcome, direct component, or explicit description would leak the target"
serious_vulnerable_road_user_injury,maximum_injury_severity,"Same outcome, direct component, or explicit description would leak the target"
serious_vulnerable_road_user_injury,multiple_people_injured,"Same outcome, direct component, or explicit description would leak the target"
serious_vulnerable_road_user_injury,number_injured,"Same outcome, direct component, or explicit description would leak the target"
serious_vulnerable_road_user_injury,occupant_injury,"Same outcome, direct component, or explicit description would leak the target"
serious_vulnerable_road_user_injury,passenger_injury,"Same outcome, direct component, or explicit description would leak the target"
serious_vulnerable_road_user_injury,serious_or_fatal_injury,"Same outcome, direct component, or explicit description would leak the target"
serious_vulnerable_road_user_injury,serious_vulnerable_road_user_injury,Selected target cannot also be a predictor
vehicle_fire,vehicle_fire,Selected target cannot also be a predictor
